task,condition,condition_label,n,fluency_mean,fluency_std,flexibility_mean,flexibility_std,originality_mean,originality_std,elaboration_mean,elaboration_std,final_score_mean,final_score_std
detailed_ways_to_use_a_brick,baseline,Baseline,40,6.95,0.9733961166965891,6.25,1.0897247358851685,3.475,0.6319612329882268,4.1,1.0198039027185568,5.19375,0.6788950121336877
improve_the_stapler_with_many_specific_enhancements,baseline,Baseline,40,7.425,0.5868347297152752,7.675,0.5651327277728658,3.775,0.6514407110397692,2.875,0.4575751304430782,5.4375,0.39429525738968757
detailed_ways_to_use_a_brick,high_steering,Steering,40,6.975,0.7901740314639554,6.7,0.9797958971132712,3.925,0.8181534085976786,3.525,0.774193128360101,5.28125,0.5367363761661771
improve_the_stapler_with_many_specific_enhancements,high_steering,Steering,40,7.55,0.49749371855331,8.075,0.4683748498798799,5.0,0.806225774829855,3.05,0.4444097208657794,5.91875,0.3131867454091887
detailed_ways_to_use_a_brick,high_temperature,High Temp,40,6.75,0.5361902647381804,6.25,0.8874119674649424,3.225,0.47368238303741045,3.6,0.66332495807108,4.95625,0.382783799944564
improve_the_stapler_with_many_specific_enhancements,high_temperature,High Temp,40,7.325,0.4683748498798799,7.675,0.4683748498798799,3.775,0.6118619125260208,3.075,0.3455068740271313,5.4625,0.30388114452858045
detailed_ways_to_use_a_brick,prompting,Prompting,40,6.9,0.43588989435406733,6.575,0.7378177281686853,3.25,0.48733971724044817,3.325,0.6475916923494309,5.0125,0.34888214342382157
improve_the_stapler_with_many_specific_enhancements,prompting,Prompting,40,7.525,0.49937460888595453,7.9,0.4898979485566356,4.075,0.4683748498798798,3.0,0.22360679774997896,5.625,0.2622022120425379
