sent_amount,tripled_amount,avg_return_baseline,avg_return_intervention,return_ratio_baseline,return_ratio_intervention
Agent Decision,0.00/0.00,,,,
10,30,15.0,30.0,0.5,1.0
20,60,30.0,60.0,0.5,1.0
30,90,45.0,90.0,0.5,1.0
40,120,40.0,120.0,0.3333333333333333,1.0
50,150,75.0,150.0,0.5,1.0
60,180,33.0,120.0,0.18333333333333332,0.6666666666666666
70,210,105.0,210.0,0.5,1.0
80,240,120.0,240.0,0.5,1.0
90,270,135.0,270.0,0.5,1.0
100,300,150.0,300.0,0.5,1.0
